{"accuracy": [0.7197325229644775, 0.8705363273620605, 0.9001280665397644, 0.9105135798454285, 0.9194764494895935, 0.9258785247802734, 0.9255939722061157, 0.5642338991165161, 0.8837672472000122, 0.9460805058479309], "f1_score": [0.6931886672973633, 0.8606114983558655, 0.8987481594085693, 0.9090908169746399, 0.9172810316085815, 0.9245734214782715, 0.9246311187744141, 0.4938574433326721, 0.852250337600708, 0.9364469051361084], "loss": [1.2097443342208862, 0.6287094354629517, 0.5035567879676819, 0.46186205744743347, 0.430593878030777, 0.4044368267059326, 0.4051032066345215, 1.8160713911056519, 0.651740312576294, 0.4129575490951538], "val_accuracy": [0.8759248852729797, 0.8952760100364685, 0.9072282314300537, 0.9106431603431702, 0.9003984332084656, 0.8969835042953491, 0.8912919759750366, 0.8394991755485535, 0.9169037938117981, 0.9607285261154175], "val_f1_score": [0.8712098002433777, 0.8924888968467712, 0.906752347946167, 0.9085613489151001, 0.9005541205406189, 0.8987783193588257, 0.89580899477005, 0.8313289880752563, 0.9117646217346191, 0.9568740129470825], "val_loss": [0.5839930772781372, 0.5292953848838806, 0.4712761640548706, 0.48042693734169006, 0.49862974882125854, 0.49112892150878906, 0.5057432651519775, 0.6774781346321106, 0.4603070318698883, 0.3416542112827301]}