{"accuracy": [0.7210129499435425, 0.868402361869812, 0.8967136144638062, 0.5558400750160217], "f1_score": [0.7032759189605713, 0.8630396723747253, 0.8930239677429199, 0.4856144189834595], "loss": [1.171872615814209, 0.6124382019042969, 0.5092963576316833, 1.8453606367111206], "val_accuracy": [0.8713716268539429, 0.8730791211128235, 0.9077973961830139, 0.7717700600624084], "val_f1_score": [0.8692261576652527, 0.8758477568626404, 0.908609926700592, 0.775213360786438], "val_loss": [0.6069194078445435, 0.5721575021743774, 0.491655170917511, 0.9175453782081604]}