{"accuracy": [0.7096315026283264, 0.8666951060295105, 0.8918765187263489, 0.5457390546798706], "f1_score": [0.68841952085495, 0.8611657619476318, 0.8889384865760803, 0.46998852491378784], "loss": [1.2108038663864136, 0.6175523400306702, 0.5166047215461731, 1.8958795070648193], "val_accuracy": [0.8782014846801758, 0.9043824672698975, 0.9015367031097412, 0.7324985861778259], "val_f1_score": [0.8772241473197937, 0.9044960141181946, 0.9015482664108276, 0.7434521317481995], "val_loss": [0.6027700304985046, 0.49715834856033325, 0.49144959449768066, 1.0891554355621338]}