{"accuracy": [0.2974891662597656, 0.4814140498638153, 0.5522441267967224, 0.6107119917869568, 0.6488228440284729, 0.6724233627319336, 0.6878156065940857, 0.7022405862808228, 0.7155274152755737, 0.7252009510993958, 0.734917163848877, 0.7373639941215515, 0.7485738396644592, 0.7535102367401123, 0.758787989616394, 0.7664698958396912, 0.768020510673523, 0.7722882032394409, 0.7762287259101868, 0.7811082005500793, 0.7823742628097534, 0.7864570617675781, 0.7885624766349792, 0.7921900749206543, 0.7931573987007141, 0.7999288439750671, 0.7977807521820068, 0.8003129959106445, 0.8020200729370117, 0.8017497658729553, 0.8041396737098694, 0.8025037050247192, 0.8041965961456299, 0.8084216713905334, 0.8087630867958069, 0.5335798859596252, 0.7681769728660583, 0.8184365630149841, 0.838864803314209, 0.854000985622406, 0.873817503452301, 0.8903193473815918, 0.896308422088623, 0.8999359607696533, 0.9055551886558533, 0.9162387251853943, 0.9191834330558777, 0.9230386018753052, 0.927491307258606, 0.9323280453681946], "val_accuracy": [0.5243000388145447, 0.5687457323074341, 0.635101318359375, 0.7064648270606995, 0.7094810009002686, 0.6929774880409241, 0.7256430387496948, 0.7624061107635498, 0.7329843044281006, 0.7823810577392578, 0.8089574575424194, 0.7961529493331909, 0.8079899549484253, 0.7848281264305115, 0.8121443390846252, 0.8161848187446594, 0.8114045262336731, 0.8136239647865295, 0.811916708946228, 0.8395174145698547, 0.844923734664917, 0.8291031122207642, 0.8257455229759216, 0.8338265419006348, 0.8271682262420654, 0.83228999376297, 0.8457773923873901, 0.8173799514770508, 0.8466309905052185, 0.8099249005317688, 0.8149328231811523, 0.8272820115089417, 0.8405417799949646, 0.8285909295082092, 0.8355337977409363, 0.8561916947364807, 0.8969383239746094, 0.89597088098526, 0.9268723130226135, 0.9225472211837769, 0.9294331669807434, 0.9381402134895325, 0.9374004006385803, 0.9430343508720398, 0.9413270950317383, 0.9502617716789246, 0.9446278214454651, 0.9420669078826904, 0.9498065114021301, 0.937684953212738], "loss": [9.537247657775879, 8.974699020385742, 8.898303031921387, 11.356411933898926, 13.641213417053223, 16.231884002685547, 19.380905151367188, 22.44911003112793, 24.57339096069336, 27.535762786865234, 29.634950637817383, 33.82816696166992, 36.70443344116211, 40.49796676635742, 44.357242584228516, 48.12038040161133, 54.44889450073242, 60.041175842285156, 65.70130920410156, 71.77233123779297, 79.35652160644531, 85.8632583618164, 95.81002807617188, 102.74273681640625, 112.21272277832031, 121.72578430175781, 138.2621307373047, 145.88394165039062, 155.12255859375, 176.2818145751953, 198.7164306640625, 220.34471130371094, 241.99862670898438, 260.0896301269531, 284.3349304199219, 21.97541618347168, 134.36630249023438, 679.6264038085938, 2179.8251953125, 5903.18408203125, 8891.0712890625, 11552.0556640625, 15684.6767578125, 22726.271484375, 27799.8046875, 29429.66015625, 32682.177734375, 36206.0078125, 40191.72265625, 40559.7734375], "val_loss": [5.627952575683594, 7.418186664581299, 7.235189914703369, 8.063250541687012, 12.406614303588867, 15.708433151245117, 18.48621940612793, 15.401164054870605, 26.018117904663086, 20.65799903869629, 16.598690032958984, 26.970762252807617, 24.826292037963867, 33.016571044921875, 28.966690063476562, 31.789627075195312, 37.43119812011719, 47.38271713256836, 48.3418083190918, 43.59807205200195, 45.096309661865234, 61.31163787841797, 67.84749603271484, 70.08098602294922, 93.68019104003906, 93.34603881835938, 90.9601821899414, 129.1114044189453, 98.10823059082031, 174.4606170654297, 188.3220977783203, 197.1981964111328, 193.2681121826172, 218.39730834960938, 222.5517120361328, 18.353986740112305, 107.41631317138672, 592.8444213867188, 1277.5159912109375, 3556.566650390625, 5130.58203125, 5928.67333984375, 9776.5654296875, 11137.0419921875, 16936.06640625, 16548.181640625, 20448.380859375, 26084.80859375, 26513.396484375, 37398.2265625]}