{"accuracy": [0.7150377035140991, 0.8622848391532898, 0.8962867856025696, 0.9008393883705139, 0.9132166504859924, 0.9218950271606445, 0.9190496802330017, 0.9230331778526306, 0.9236022233963013, 0.5622421503067017, 0.8853321671485901, 0.9475032091140747], "f1_score": [0.6926042437553406, 0.8539273738861084, 0.8927057385444641, 0.9018594622612, 0.910435676574707, 0.9205562472343445, 0.9211081266403198, 0.9222173094749451, 0.923579752445221, 0.49553748965263367, 0.8596888184547424, 0.9343885779380798], "loss": [1.1867740154266357, 0.6363605856895447, 0.514426052570343, 0.48093706369400024, 0.45583099126815796, 0.4175318479537964, 0.41605985164642334, 0.4125611484050751, 0.4203891456127167, 1.8154075145721436, 0.6451084613800049, 0.42037272453308105], "val_accuracy": [0.8867387771606445, 0.9038133025169373, 0.8935685753822327, 0.9049516320228577, 0.8861696124076843, 0.9066590666770935, 0.903244137763977, 0.9026750326156616, 0.9129197597503662, 0.8212862610816956, 0.9288560152053833, 0.9601593613624573], "val_f1_score": [0.879094660282135, 0.8956802487373352, 0.8922538757324219, 0.9090378284454346, 0.887660026550293, 0.904181182384491, 0.9043477773666382, 0.9043628573417664, 0.9134448170661926, 0.8148378729820251, 0.9245337843894958, 0.9546511173248291], "val_loss": [0.5253667235374451, 0.491030216217041, 0.483132541179657, 0.4690153896808624, 0.5015493631362915, 0.4655369520187378, 0.4774214029312134, 0.4852040410041809, 0.4552650451660156, 0.7826983332633972, 0.45286068320274353, 0.33778223395347595]}