{"accuracy": [0.45276933908462524, 0.7105462551116943, 0.7659332156181335, 0.7937215566635132, 0.81795334815979, 0.8307093977928162, 0.8323217034339905, 0.8469746112823486, 0.8543247580528259, 0.8557473421096802, 0.8615326285362244, 0.8693095445632935, 0.8693095445632935, 0.8758061528205872, 0.8806904554367065, 0.8796946406364441, 0.8815914392471313, 0.8841995596885681, 0.8870921730995178, 0.8895106315612793, 0.8944897651672363, 0.8932093977928162, 0.8921661376953125, 0.8944423198699951, 0.897240161895752, 0.8933990597724915, 0.8987101912498474, 0.9000853300094604, 0.9040212631225586, 0.8989946842193604, 0.8997533917427063, 0.9008914828300476, 0.9025986194610596, 0.9077674746513367, 0.9044005870819092, 0.3194707930088043, 0.6525512337684631, 0.7985584139823914, 0.8548938035964966, 0.8839150071144104, 0.9100435972213745, 0.9159237742424011, 0.9361248016357422, 0.9438068866729736, 0.9413410425186157, 0.9534806609153748, 0.9596927165985107, 0.9617792367935181, 0.9662367105484009, 0.9673748016357422], "val_accuracy": [0.7397078275680542, 0.8148359060287476, 0.793397843837738, 0.8643521070480347, 0.8394991755485535, 0.8484158515930176, 0.8723202347755432, 0.863024115562439, 0.8783912062644958, 0.8730791211128235, 0.8702333569526672, 0.892430305480957, 0.8793397545814514, 0.8751659989356995, 0.8954657316207886, 0.8840827345848083, 0.903244137763977, 0.8850312829017639, 0.8880667686462402, 0.8941377401351929, 0.8950863480567932, 0.9000189900398254, 0.900967538356781, 0.8916714191436768, 0.8947069048881531, 0.8928096890449524, 0.9053310751914978, 0.9087459444999695, 0.9022955894470215, 0.9026750326156616, 0.9017264246940613, 0.9060899019241333, 0.9151963591575623, 0.9106431603431702, 0.9022955894470215, 0.6903813481330872, 0.8146461844444275, 0.880857527256012, 0.9104534387588501, 0.9315120577812195, 0.9387212991714478, 0.9548472762107849, 0.9504837989807129, 0.9391007423400879, 0.9546575546264648, 0.9520015120506287, 0.9592107534408569, 0.9514323472976685, 0.9688863754272461, 0.9654714465141296], "loss": [39.03911590576172, 49.420833587646484, 61.87240219116211, 76.51019287109375, 81.40520477294922, 94.61087799072266, 121.38628387451172, 124.98129272460938, 132.92298889160156, 151.58908081054688, 176.6577911376953, 191.53091430664062, 214.17161560058594, 230.9449462890625, 228.2801055908203, 265.21490478515625, 306.9022521972656, 327.1065368652344, 352.06610107421875, 383.58001708984375, 368.9943542480469, 420.5238037109375, 482.9590759277344, 510.4050598144531, 555.1958618164062, 613.9832763671875, 623.2852172851562, 685.8223876953125, 650.6568603515625, 803.9180297851562, 837.89892578125, 924.93408203125, 1000.6163940429688, 1004.4760131835938, 1111.39990234375, 8.730900764465332, 52.7560920715332, 94.72564697265625, 113.05096435546875, 146.8577117919922, 136.5067138671875, 184.0220184326172, 160.78468322753906, 150.6702880859375, 206.5689697265625, 178.3491973876953, 185.19985961914062, 185.1547088623047, 183.661865234375, 194.56820678710938], "val_loss": [27.320241928100586, 29.375770568847656, 68.97122192382812, 44.88152313232422, 72.08268737792969, 95.28865814208984, 82.57084655761719, 118.29718017578125, 126.48662567138672, 146.40574645996094, 171.41708374023438, 168.17295837402344, 192.61434936523438, 242.6794891357422, 207.75970458984375, 278.02471923828125, 237.63311767578125, 350.1579895019531, 387.302490234375, 421.41845703125, 422.5849609375, 451.9002990722656, 487.3792419433594, 670.234619140625, 624.8814697265625, 633.1460571289062, 604.8312377929688, 686.3150634765625, 678.5430908203125, 783.52734375, 867.8250732421875, 919.7720336914062, 895.5684814453125, 999.0391845703125, 1329.0950927734375, 6.806492805480957, 43.558902740478516, 66.40487670898438, 70.27494049072266, 74.911376953125, 90.97489166259766, 96.70899200439453, 128.1527862548828, 211.0050506591797, 166.95228576660156, 252.18435668945312, 211.10702514648438, 303.8628234863281, 199.46824645996094, 285.4104309082031]}