{"accuracy": [0.7148954272270203, 0.8678332567214966, 0.8928723931312561, 0.5413287878036499], "f1_score": [0.6892761588096619, 0.8584668636322021, 0.8880999088287354, 0.4647475779056549], "loss": [1.2008992433547974, 0.6315323114395142, 0.5207276940345764, 1.9032902717590332], "val_accuracy": [0.8844621777534485, 0.892430305480957, 0.9060899019241333, 0.8229937553405762], "val_f1_score": [0.8804993629455566, 0.8910539746284485, 0.9021100997924805, 0.8067330718040466], "val_loss": [0.5774174332618713, 0.5536077618598938, 0.48361220955848694, 0.7540850639343262]}