{"accuracy": [0.7200170755386353, 0.8649879097938538, 0.8999857902526855, 0.9079527854919434, 0.9190496802330017, 0.9230331778526306, 0.9318537712097168, 0.5706359148025513, 0.8841940760612488, 0.9466496109962463], "f1_score": [0.6929038763046265, 0.8565563559532166, 0.8985270857810974, 0.905352771282196, 0.9183703064918518, 0.9234243631362915, 0.9323275089263916, 0.4924141764640808, 0.8533479571342468, 0.9359815716743469], "loss": [1.1884188652038574, 0.6254836916923523, 0.5014158487319946, 0.46142685413360596, 0.4301699697971344, 0.4122616946697235, 0.3862382173538208, 1.7846424579620361, 0.6487206220626831, 0.41602757573127747], "val_accuracy": [0.847467303276062, 0.8690950274467468, 0.8838930130004883, 0.892430305480957, 0.900967538356781, 0.8969835042953491, 0.9163346886634827, 0.8076266646385193, 0.9225953221321106, 0.9351166486740112], "val_f1_score": [0.8563733100891113, 0.8706158995628357, 0.8808472156524658, 0.8971361517906189, 0.9049007296562195, 0.8993911147117615, 0.9178041815757751, 0.8145135641098022, 0.9123327732086182, 0.9293701648712158], "val_loss": [0.6579279899597168, 0.5827610492706299, 0.5346790552139282, 0.48040837049484253, 0.4688106179237366, 0.4741441607475281, 0.4631868600845337, 0.810876727104187, 0.46163615584373474, 0.40748393535614014]}