{"accuracy": [0.7228624224662781, 0.8649879097938538, 0.8965713381767273, 0.5677905678749084], "f1_score": [0.6937510371208191, 0.8580767512321472, 0.8943859338760376, 0.492360919713974], "loss": [1.190675139427185, 0.6134853959083557, 0.511004626750946, 1.7983299493789673], "val_accuracy": [0.8554354310035706, 0.8844621777534485, 0.91007399559021, 0.8150256276130676], "val_f1_score": [0.8547265529632568, 0.8892824649810791, 0.9102601408958435, 0.8048627972602844], "val_loss": [0.6291474103927612, 0.5366337895393372, 0.4496442675590515, 0.7984691858291626]}