{"accuracy": [0.7227201461791992, 0.8641343116760254, 0.8997012376785278, 0.5722008943557739], "f1_score": [0.7035140991210938, 0.8550044894218445, 0.8942100405693054, 0.5028942227363586], "loss": [1.1659653186798096, 0.6266809701919556, 0.5033803582191467, 1.7855753898620605], "val_accuracy": [0.869664192199707, 0.9026750326156616, 0.9169037938117981, 0.7928286790847778], "val_f1_score": [0.8752982020378113, 0.9053933620452881, 0.9122292399406433, 0.7771890759468079], "val_loss": [0.5779355764389038, 0.47950637340545654, 0.47910618782043457, 0.9114646911621094]}