{"accuracy": [0.7147531509399414, 0.8672642111778259, 0.8950064182281494, 0.5692132711410522], "f1_score": [0.691956102848053, 0.8623727560043335, 0.8941507935523987, 0.5045062899589539], "loss": [1.1996476650238037, 0.620110809803009, 0.5079230070114136, 1.7994078397750854], "val_accuracy": [0.8656801581382751, 0.9021058678627014, 0.9026750326156616, 0.8173022270202637], "val_f1_score": [0.8654306530952454, 0.9056047201156616, 0.9033010601997375, 0.8159047365188599], "val_loss": [0.6204026937484741, 0.4880676865577698, 0.5101544260978699, 0.7842227220535278]}