{"accuracy": [0.7153222560882568, 0.8669796586036682, 0.9031156897544861, 0.9153506755828857, 0.9191918969154358, 0.9267321228981018, 0.9284393191337585, 0.5832977890968323, 0.8915919661521912, 0.9449423551559448], "f1_score": [0.693610668182373, 0.8602622747421265, 0.8981378078460693, 0.9134030342102051, 0.9180948734283447, 0.9252709746360779, 0.9284312129020691, 0.5145512819290161, 0.8672730922698975, 0.935771644115448], "loss": [1.1863211393356323, 0.6156734824180603, 0.48926159739494324, 0.4532832205295563, 0.41802024841308594, 0.40287137031555176, 0.3957412540912628, 1.761128544807434, 0.6257209181785583, 0.4148240387439728], "val_accuracy": [0.8491747379302979, 0.8713716268539429, 0.9066590666770935, 0.8975526690483093, 0.9089356660842896, 0.9021058678627014, 0.9015367031097412, 0.8372225165367126, 0.9003984332084656, 0.9442231059074402], "val_f1_score": [0.8544094562530518, 0.8753708600997925, 0.9020180702209473, 0.8972561955451965, 0.9055943489074707, 0.9065040349960327, 0.9009009003639221, 0.8372092843055725, 0.8952210545539856, 0.9410054683685303], "val_loss": [0.6211289763450623, 0.5717477798461914, 0.4714607894420624, 0.5006355047225952, 0.4556998908519745, 0.4574891924858093, 0.46852460503578186, 0.7367544770240784, 0.5113874673843384, 0.3774600923061371]}