{"accuracy": [0.7099160552024841, 0.8637074828147888, 0.8887466192245483, 0.5790297389030457], "f1_score": [0.6826615333557129, 0.8612861037254333, 0.8876997232437134, 0.4992855191230774], "loss": [1.211533546447754, 0.6231198310852051, 0.5187329053878784, 1.744927167892456], "val_accuracy": [0.8799089193344116, 0.8958451747894287, 0.9112122654914856, 0.8326693177223206], "val_f1_score": [0.8779172897338867, 0.8905881643295288, 0.9071198105812073, 0.8205287456512451], "val_loss": [0.5743981003761292, 0.5258476138114929, 0.47132813930511475, 0.7048583626747131]}