{"accuracy": [0.7200170755386353, 0.8651301860809326, 0.8934414386749268, 0.5714895725250244], "f1_score": [0.6940490007400513, 0.8589188456535339, 0.8897461295127869, 0.5066288709640503], "loss": [1.1734744310379028, 0.616895854473114, 0.5224471688270569, 1.786545991897583], "val_accuracy": [0.8656801581382751, 0.8907228112220764, 0.8981217741966248, 0.8463289737701416], "val_f1_score": [0.8675634860992432, 0.8982599973678589, 0.8984489440917969, 0.8397276997566223], "val_loss": [0.6170256733894348, 0.510920524597168, 0.4995516240596771, 0.6933273673057556]}