{"accuracy": [0.7113387584686279, 0.8706786036491394, 0.8985630869865417, 0.5332195162773132], "f1_score": [0.6901541948318481, 0.8637877702713013, 0.8927247524261475, 0.4552760124206543], "loss": [1.2051212787628174, 0.6121553778648376, 0.5110176801681519, 1.9410370588302612], "val_accuracy": [0.8628343939781189, 0.9049516320228577, 0.88730788230896, 0.7854297161102295], "val_f1_score": [0.8696171641349792, 0.9065804481506348, 0.8894751071929932, 0.7841159105300903], "val_loss": [0.6388792395591736, 0.49134543538093567, 0.5191596150398254, 0.8415838479995728]}