{"accuracy": [0.7150377035140991, 0.868686854839325, 0.8928723931312561, 0.9072414040565491, 0.917484700679779, 0.9258785247802734, 0.9250248670578003, 0.5525679588317871, 0.8807796239852905, 0.951059877872467], "f1_score": [0.6904904246330261, 0.8599194288253784, 0.8879993557929993, 0.9046849608421326, 0.9173305630683899, 0.9253839254379272, 0.9240037798881531, 0.4933713674545288, 0.85067218542099, 0.9397785663604736], "loss": [1.1888997554779053, 0.6238011717796326, 0.521220862865448, 0.4657406210899353, 0.4257309138774872, 0.40305837988853455, 0.40072354674339294, 1.8488415479660034, 0.6682891249656677, 0.4146529734134674], "val_accuracy": [0.8656801581382751, 0.8947069048881531, 0.8799089193344116, 0.8975526690483093, 0.9066590666770935, 0.9021058678627014, 0.9163346886634827, 0.836084246635437, 0.921457052230835, 0.9607285261154175], "val_f1_score": [0.8697729110717773, 0.8911764025688171, 0.8831775188446045, 0.9030939340591431, 0.9120463728904724, 0.9003475904464722, 0.919200599193573, 0.8295453786849976, 0.9110782146453857, 0.9531840085983276], "val_loss": [0.599155604839325, 0.5201546549797058, 0.5255722999572754, 0.47936511039733887, 0.4638247787952423, 0.4788287281990051, 0.43048787117004395, 0.721043050289154, 0.4574469327926636, 0.3271002769470215]}