{"accuracy": [0.7154645323753357, 0.8642765879631042, 0.8955754637718201, 0.5635225772857666], "f1_score": [0.6924600601196289, 0.8603962063789368, 0.8927164673805237, 0.49252811074256897], "loss": [1.202886700630188, 0.6270164847373962, 0.5206679701805115, 1.8248931169509888], "val_accuracy": [0.8804780840873718, 0.9003984332084656, 0.8947069048881531, 0.8463289737701416], "val_f1_score": [0.8828077912330627, 0.8995581269264221, 0.8927416205406189, 0.8347338438034058], "val_loss": [0.5795358419418335, 0.5062136650085449, 0.518481969833374, 0.6842905879020691]}