{"accuracy": [0.7240005731582642, 0.8645610809326172, 0.9005548357963562, 0.9082372784614563, 0.9208991527557373, 0.920187771320343, 0.9291506409645081, 0.5599658489227295, 0.8813486695289612, 0.9440887570381165], "f1_score": [0.7034517526626587, 0.8600013852119446, 0.9002806544303894, 0.9081557393074036, 0.9197196960449219, 0.9203577637672424, 0.9295671582221985, 0.4779182970523834, 0.8545796871185303, 0.9336983561515808], "loss": [1.176041841506958, 0.6082562804222107, 0.49515944719314575, 0.4543079137802124, 0.4176650047302246, 0.40229204297065735, 0.38213199377059937, 1.8328200578689575, 0.6626524925231934, 0.42042529582977295], "val_accuracy": [0.858281135559082, 0.9038133025169373, 0.898690938949585, 0.903244137763977, 0.8998292684555054, 0.9055207967758179, 0.9180421233177185, 0.8002276420593262, 0.9311326146125793, 0.9356858134269714], "val_f1_score": [0.8619246482849121, 0.8971410393714905, 0.9010278582572937, 0.9044138193130493, 0.8992700576782227, 0.9085099697113037, 0.9165939688682556, 0.7904306054115295, 0.9205593466758728, 0.9282749891281128], "val_loss": [0.6283932328224182, 0.501279890537262, 0.5074142813682556, 0.47451940178871155, 0.4800056219100952, 0.4590470790863037, 0.43683841824531555, 0.8506349921226501, 0.4567515254020691, 0.4170411229133606]}