{"accuracy": [0.7120500802993774, 0.8681178092956543, 0.89173424243927, 0.5559823513031006], "f1_score": [0.691298246383667, 0.8586164712905884, 0.8887898921966553, 0.47310709953308105], "loss": [1.2073003053665161, 0.6202759146690369, 0.5193737149238586, 1.8611400127410889], "val_accuracy": [0.8708025217056274, 0.8753557205200195, 0.8878770470619202, 0.7740466594696045], "val_f1_score": [0.874180018901825, 0.8714917898178101, 0.8864232897758484, 0.7802746295928955], "val_loss": [0.5907925367355347, 0.5885542631149292, 0.560843288898468, 0.8810704946517944]}